{
    "kalorieTotal": 64.48,
    "proteinTotal": 0.37199999999999994,
    "fatTotal": 0.24800000000000003,
    "carbsTotal": 17.36
}